b_info	a white letter "i" information symbol inside a white ring, on a yellow round button with a dark blue rim
b_map	a plain glossy dark green glass disc inside a yellow ring with a dark blue rim
b_money	a gold coin money symbol on a yellow round button with a dark blue rim
b_resrch	a glowing white light bulb on a yellow round button with a dark blue rim
b_doorc	a dark blue rounded oval panel: on the right a light blue round window showing a closed brown wooden door, on the left two small round indicator lights, the lower one lit red
b_dooro	a dark blue rounded oval panel: on the right a light blue round window showing an open brown wooden door, on the left two small round indicator lights, the upper one lit green
b_entpark	a pale yellow double gate (theme park entrance) on a glossy light blue round button with a dark blue rim
b_erase	a black cartoon bomb with a short fuse on a glossy light blue round button with a dark blue rim
b_exit	a red cross (X) on a glossy light blue round button with a dark blue rim
b_okay	a green check mark (tick) on a glossy light blue round button with a dark blue rim
b_scroller	a glossy bright green 3D ball
b_sfeature	a small green tree and a little park sign on a glossy dark green round button with a black rim
b_srides	a red and white fairground ride on a glossy dark green round button with a black rim
b_sshops	a small shop with a red and white striped awning on a glossy dark green round button with a black rim
b_sshows	a small show stage with a purple figure on a glossy dark green round button with a black rim
b_sleft	a green triangle arrow pointing left on a glossy light blue round button with a dark blue rim
b_sright	a green triangle arrow pointing right on a glossy light blue round button with a dark blue rim
lobleft	a green double arrow pointing left on a glossy light blue round button with a dark blue rim
lobrght	a green double arrow pointing right on a glossy light blue round button with a dark blue rim
